{
    "name": "ecommerce-app-deploy",
    "description": "Deploy the ecommerce application to EC2",
    "source": {
        "type": "CODEPIPELINE",
        "buildspec": "deploy-buildspec.yml"
    },
    "artifacts": {
        "type": "CODEPIPELINE"
    },
    "environment": {
        "type": "LINUX_CONTAINER",
        "image": "aws/codebuild/standard:5.0",
        "computeType": "BUILD_GENERAL1_SMALL",
        "environmentVariables": [
            {
                "name": "EC2_INSTANCE_IP",
                "value": "3.250.5.252",
                "type": "PLAINTEXT"
            }
        ],
        "privilegedMode": true
    },
    "serviceRole": "arn:aws:iam::052188048367:role/CodeBuildServiceRole-ecommerce-app",
    "timeoutInMinutes": 10,
    "queuedTimeoutInMinutes": 5,
    "logsConfig": {
        "cloudWatchLogs": {
            "status": "ENABLED",
            "groupName": "/aws/codebuild/ecommerce-app-deploy",
            "streamName": "deploy"
        }
    }
} 